"# SD_of_Philadelphia_2021-2024.pdf — Long-Term Substitute Teacher, School Nurse and School Nurse Practitioner (9/1/20 - 9/1/23)"
"# population: Long-Term Substitute Teacher, School Nurse and School Nurse Practitioner | is_teacher_schedule: False"
# validation_warnings: none | audit confirmed
"# MANUAL REVIEW RECOMMENDED: extracted from page image (not machine-readable text) — verify values, column names, and row counts against the original PDF"
step,9/1/20,9/1/21,9/1/22,9/1/23
01,30189,31019,32027,32988
02,31664,32535,33593,34600
03,40513,41627,42980,44270
04,42161,43321,44729,46071
05,45285,46530,48043,49484
06,51184,52591,54301,55930
07,58643,60256,62214,64081
