"# SD_of_Philadelphia_2021-2024.pdf — Pay Grade 14 - Accounting Clerk, Administrative Support Clerk (9/1/20 - 9/1/23)"
# population: classified/support staff | is_teacher_schedule: False
# validation_warnings: cross_grid_contamination: a value column matches a column in a different schedule (p148) — one grid's data may be contaminated from another; verify | audit confirmed
step,9/1/20,9/1/21,9/1/22,9/1/23
01,30713,31557,32583,33560
02,32878,33782,34880,35926
03,35048,36012,37183,38298
04,39905,41003,42335,43605
05,42942,44123,45557,46924
06,51445,52860,54578,56215
