"# Pittsburgh_10-15.pdf — Certified Therapy Assistance (COTA), Physical Therapy Assistant --- 192-day school year (September 2014)"
"# population: Certified Therapy Assistance (COTA), Physical Therapy Assistant | is_teacher_schedule: False"
# validation_warnings: none | audit flagged unresolved issues: Values do not match source image
"# MANUAL REVIEW RECOMMENDED: extracted from page image (not machine-readable text) — verify values, column names, and row counts against the original PDF"
step,June 2010,September 2010,September 2011,September 2012,September 2013,September 2014,Total Increase
1-,35000,35500,36000,36500,37000,51530,15370
2-,37000,39000,41000,42000,44500,51950,12900
3-,39000,41000,43000,46030,47260,51950,11360
4-,41000,44030,45760,46260,49500,51950,8420
5-,43530,45260,47660,48960,49500,51950,7190
6-,48000,48500,49000,49500,50000,50000,2500
