document_id,file_name,Question ID,topic category,question,answer,evidence,page number,confidence,coder notes
fort_wayne_community_schools__fort_wayne_community_schools_2021_2023__af169a5f,Fort_Wayne_Community_Schools_2021-2023.pdf,meta_doc_type_001,document metadata,What type of district document is this PDF?,CBA,"MASTER CONTRACT Between the Board of School Trustees of FORT WAYNE COMMUNITY SCHOOLS ... and FORT WAYNE EDUCATION ASSOCIATION, INC.",1,high,
fort_wayne_community_schools__fort_wayne_community_schools_2021_2023__af169a5f,Fort_Wayne_Community_Schools_2021-2023.pdf,meta_effective_dates_002,document metadata,What school years or effective dates does the document cover?,"July 1, 2021 – June 30, 2023","July 1, 2021 – June 30, 2023",1,high,
fort_wayne_community_schools__fort_wayne_community_schools_2021_2023__af169a5f,Fort_Wayne_Community_Schools_2021-2023.pdf,meta_bargaining_unit_003,document metadata,Which employee group or bargaining unit is covered?,Teachers (professional personnel requiring a classroom teacher’s license or Indiana Workplace License),"The Board recognizes the Association as the exclusive representative for teachers, described and defined as All professional personnel employed by the Board whose official assignment requires a classroom teacher’s license or Indiana Workplace License",8,high,
fort_wayne_community_schools__fort_wayne_community_schools_2021_2023__af169a5f,Fort_Wayne_Community_Schools_2021-2023.pdf,meta_document_scope_004,document metadata,"Does the document state that it is binding, advisory, summary-only, or not a contract?",binding agreement,The following Master Contract covering certain terms and conditions of employment for teachers has been developed through negotiation between the Board and its representatives and the Association and its representatives.,6,high,
fort_wayne_community_schools__fort_wayne_community_schools_2021_2023__af169a5f,Fort_Wayne_Community_Schools_2021-2023.pdf,meta_text_usability_005,document metadata,Is the PDF text extractable enough for reliable coding?,usable,,not_applicable,high,
fort_wayne_community_schools__fort_wayne_community_schools_2021_2023__af169a5f,Fort_Wayne_Community_Schools_2021-2023.pdf,meta_cites_state_law_006,document metadata,"Does the document cite any state laws, statutes, or administrative codes?",yes,required by IC 20-28-11.5-4(c)(4),7,high,
fort_wayne_community_schools__fort_wayne_community_schools_2021_2023__af169a5f,Fort_Wayne_Community_Schools_2021-2023.pdf,meta_state_law_citations_007,document metadata,Quote all sentences citing state laws or statutes.,"The System of Support uses a modified version of the Indiana RISE Rubric which tracks four domains of teacher effectiveness (Purposeful Planning, Effective Instruction, Teacher Leadership and Core Professionalism) as well as student data to assign teachers to one of the four rating categories required by IC 20-28-11.5-4(c)(4).
This recognition shall be continuing until such time as the Board is shown evidence in accordance with I.C. 20-29-5 et seq. and 560 IAC 2-2.1-1 that the Association is no longer the representative of classroom teachers.
A grievance shall be defined as an alleged violation of an express provision of the master contract within the scope of bargaining, per I.C. 20-29-6-4.
Increases or increments in a local salary range will be based upon a combination of the following factors from IC 20-28-9-1.5(b):
Evaluation. The results of an evaluation conducted under IC 20-28-11.5.","The System of Support uses a modified version of the Indiana RISE Rubric which tracks four domains of teacher effectiveness (Purposeful Planning, Effective Instruction, Teacher Leadership and Core Professionalism) as well as student data to assign teachers to one of the four rating categories required by IC 20-28-11.5-4(c)(4).
This recognition shall be continuing until such time as the Board is shown evidence in accordance with I.C. 20-29-5 et seq. and 560 IAC 2-2.1-1 that the Association is no longer the representative of classroom teachers.
A grievance shall be defined as an alleged violation of an express provision of the master contract within the scope of bargaining, per I.C. 20-29-6-4.
Increases or increments in a local salary range will be based upon a combination of the following factors from IC 20-28-9-1.5(b):
Evaluation. The results of an evaluation conducted under IC 20-28-11.5.","7, 8, 9, 22",high,"Updated evidence to include all sentences citing state laws/statutes, as the original evidence was an incomplete snippet. All quotes verified in the source document."
fort_wayne_community_schools__fort_wayne_community_schools_2021_2023__af169a5f,Fort_Wayne_Community_Schools_2021-2023.pdf,meta_cites_federal_law_008,document metadata,"Quote all sentences citing federal laws, statutes, or regulations.","Fort Wayne Community Schools complies with the provisions of the Family and Medical Leave Act regarding consecutive and intermittent leave.
Any teacher who will have reached fifty-five (55) years of age on or before the employee’s retirement date but who will not be eligible on that date for Medicare coverage as prescribed by 42 U.S.C. 1395 et seq., and who will have completed fifteen (15) years of creditable employment with Fort Wayne Community Schools shall be eligible to continue health insurance in the Core Plan or High Deductible Plan without the HSA contribution until eligible for Medicare.","Fort Wayne Community Schools complies with the provisions of the Family and Medical Leave Act regarding consecutive and intermittent leave.
Any teacher who will have reached fifty-five (55) years of age on or before the employee’s retirement date but who will not be eligible on that date for Medicare coverage as prescribed by 42 U.S.C. 1395 et seq., and who will have completed fifteen (15) years of creditable employment with Fort Wayne Community Schools shall be eligible to continue health insurance in the Core Plan or High Deductible Plan without the HSA contribution until eligible for Medicare.","11, 19",high,"Updated evidence to include both sentences citing federal laws/statutes, as the original evidence was an incomplete snippet. All quotes verified in the source document."
fort_wayne_community_schools__fort_wayne_community_schools_2021_2023__af169a5f,Fort_Wayne_Community_Schools_2021-2023.pdf,meta_federal_law_citations_009,document metadata,Which federal laws or statutes are cited?,"Family and Medical Leave Act, 42 U.S.C. 1395 et seq.","Family and Medical Leave Act
42 U.S.C. 1395 et seq.","11, 19",high,Updated evidence to explicitly list both cited federal laws found in the document. Original evidence was incomplete.
fort_wayne_community_schools__fort_wayne_community_schools_2021_2023__af169a5f,Fort_Wayne_Community_Schools_2021-2023.pdf,pay_salary_schedule_001,compensation,Does the document include a teacher salary schedule or salary scale?,yes,The 2021-22 and 2022-23 Compensation Schedules can be found in Appendix A. APPENDIX A - Salary Schedule,"23, 35",high,
fort_wayne_community_schools__fort_wayne_community_schools_2021_2023__af169a5f,Fort_Wayne_Community_Schools_2021-2023.pdf,pay_salary_schedule_002,compensation,What year or years does the salary schedule cover?,2021-22 and 2022-23,The 2021-22 and 2022-23 Compensation Schedules can be found in Appendix A.,"23, 35",high,
fort_wayne_community_schools__fort_wayne_community_schools_2021_2023__af169a5f,Fort_Wayne_Community_Schools_2021-2023.pdf,pay_step_increment_003,compensation,Does the document explain annual step advancement or salary increments?,yes,Increases or increments in a local salary range will be based upon a combination of the following factors from IC 20-28-9-1.5(b): i. Education. The first year of possessing a content-area master’s degree from an accredited college or university. ii. Evaluation. The results of an evaluation conducted under IC 20-28-11.5. iii. Academic Needs. The need for teachers to transition to a new compensation schedule for staff retention.,22,high,
fort_wayne_community_schools__fort_wayne_community_schools_2021_2023__af169a5f,Fort_Wayne_Community_Schools_2021-2023.pdf,pay_prior_experience_005,compensation,Does the document state how prior teaching experience is credited for salary placement?,yes,"Teachers new to the District with prior teaching experience shall receive a starting salary comparable, in the opinion of the Superintendent or designee, to current teaching employees with similar experience.",23,high,
fort_wayne_community_schools__fort_wayne_community_schools_2021_2023__af169a5f,Fort_Wayne_Community_Schools_2021-2023.pdf,pay_performance_pay_006,compensation,"Does the document include performance pay, merit pay, or evaluation-based compensation?",yes,Teachers who receive a Final Summative Rating of ineffective or improvement necessary from the previous school year and teachers who negatively affect student achievement and growth are ineligible for salary increases and will remain at their current salaries.,22,high,
fort_wayne_community_schools__fort_wayne_community_schools_2021_2023__af169a5f,Fort_Wayne_Community_Schools_2021-2023.pdf,pay_performance_pay_007,compensation,How are teachers evaluated for purposes of performance-based pay eligibility?,"Teachers are evaluated using the FWCS System of Support, which applies a modified Indiana RISE Rubric tracking four domains of effectiveness and student data to assign a Final Summative Rating of Highly Effective, Effective, Improvement Necessary, or Ineffective. These ratings determine eligibility for annual salary increases.",System of Support is the FWCS teacher-evaluation system... uses a modified version of the Indiana RISE Rubric which tracks four domains of teacher effectiveness... as well as student data to assign teachers to one of the four rating categories... Final Summative Rating is the Final Summative Observation Rating combined with applicable student data...,7,high,
fort_wayne_community_schools__fort_wayne_community_schools_2021_2023__af169a5f,Fort_Wayne_Community_Schools_2021-2023.pdf,pay_cost_of_living_007,compensation,Does the document specify across-the-board raises or COLA percentages?,not_discussed,,not_applicable,high,
fort_wayne_community_schools__fort_wayne_community_schools_2021_2023__af169a5f,Fort_Wayne_Community_Schools_2021-2023.pdf,pay_extra_duty_schedule_008,compensation,Does the document include an extra-duty or supplemental pay schedule?,yes,"Stipends paid for cocurricular and athletic positions can be found in Appendix B. Additionally, ancillary duties specify compensation for Teacher Travel ($2,050-$3,050), Curriculum Development ($30.00/hr), In-Service ($25.00-$30.00/hr), Class Coverage ($57.50 per 4-hour increment), and Kindergarten Conferences ($200.00 stipend).","24, 27, 36-38",high,
fort_wayne_community_schools__fort_wayne_community_schools_2021_2023__af169a5f,Fort_Wayne_Community_Schools_2021-2023.pdf,pay_hardtostaff_sped_009,compensation,"Does the document provide additional pay, stipends, or salary differentials for special education teachers?",not_discussed,,not_applicable,high,
fort_wayne_community_schools__fort_wayne_community_schools_2021_2023__af169a5f,Fort_Wayne_Community_Schools_2021-2023.pdf,pay_hardtostaff_stem_010,compensation,"Does the document provide additional pay, stipends, or salary differentials for teachers in STEM subjects?",yes,"Lead Teacher Math $3,080 / Lead Teacher Science $3,080","36, 37",high,[recall-recovery]
fort_wayne_community_schools__fort_wayne_community_schools_2021_2023__af169a5f,Fort_Wayne_Community_Schools_2021-2023.pdf,pay_hardtostaff_other_011,compensation,"Does the document provide additional pay, stipends, or salary differentials for teachers in high-need subjects or schools other than special education or STEM?",yes,"New hires in hard-to-fill positions may receive a salary or other recruiting compensation in an amount determined by the Superintendent or designee, if possible after consultation with the Association in the Joint Communications Committee.",23,high,Updated confidence from medium to high; the provided evidence explicitly and directly states the provision for hard-to-fill position compensation.
fort_wayne_community_schools__fort_wayne_community_schools_2021_2023__af169a5f,Fort_Wayne_Community_Schools_2021-2023.pdf,pay_hardtostaff_schools_012,compensation,"Does the document provide incentives specifically for teaching in hard-to-staff, high-need, Title I, or priority schools, regardless of subject?",yes,"d. New hires in hard-to-fill positions may receive a salary or other recruiting compensation in an amount determined by the Superintendent or designee, if possible after consultation with the Association in the Joint Communications Committee.",23,high,"Updated from not_discussed to yes. Stage 1 missed the explicit provision on p. 23 offering salary or recruiting compensation incentives for new hires in hard-to-fill positions, which directly addresses incentives for hard-to-staff/shortage situations. [cross-question]"
fort_wayne_community_schools__fort_wayne_community_schools_2021_2023__af169a5f,Fort_Wayne_Community_Schools_2021-2023.pdf,pay_experience_credit_indistrict_013,compensation,Does the document specify how prior in-district teaching experience is credited for initial salary placement?,discussed_unclear,"Teachers new to the District with prior teaching experience shall receive a starting salary comparable, in the opinion of the Superintendent or designee, to current teaching employees with similar experience.",23,medium,
fort_wayne_community_schools__fort_wayne_community_schools_2021_2023__af169a5f,Fort_Wayne_Community_Schools_2021-2023.pdf,pay_experience_credit_outofdistrict_014,compensation,Does the document specify how out-of-district but in-state teaching experience is credited for salary placement?,discussed_unclear,"Teachers new to the District with prior teaching experience shall receive a starting salary comparable, in the opinion of the Superintendent or designee, to current teaching employees with similar experience.",23,medium,
fort_wayne_community_schools__fort_wayne_community_schools_2021_2023__af169a5f,Fort_Wayne_Community_Schools_2021-2023.pdf,pay_experience_credit_outofstate_015,compensation,Does the document specify how out-of-state teaching experience is credited for salary placement?,discussed_unclear,"Teachers new to the District with prior teaching experience shall receive a starting salary comparable, in the opinion of the Superintendent or designee, to current teaching employees with similar experience.",23,medium,
fort_wayne_community_schools__fort_wayne_community_schools_2021_2023__af169a5f,Fort_Wayne_Community_Schools_2021-2023.pdf,pay_experience_credit_military_public_016,compensation,Does the document credit military service or other public service for salary placement?,discussed_unclear,"The individual teacher is responsible for keeping licenses current and renewed when due, and for securing proper certification of outside teaching experience, military service, and cumulative sick leave for submission to the Human Resources department.",22,medium,
fort_wayne_community_schools__fort_wayne_community_schools_2021_2023__af169a5f,Fort_Wayne_Community_Schools_2021-2023.pdf,pay_national_board_017,compensation,Does the document provide extra pay for National Board certification or similar advanced certification?,not_discussed,,not_applicable,high,
fort_wayne_community_schools__fort_wayne_community_schools_2021_2023__af169a5f,Fort_Wayne_Community_Schools_2021-2023.pdf,benefits_health_001,benefits,Does the document state that health or medical insurance is available to teachers?,"yes; Plan types: PPO plan (Buy-Up Plan for pre-12/31/11 hires), revised PPO plan (Core Plan), High Deductible Health Plan. Eligible group: Full-time teacher.","A full-time teacher is eligible to receive group health benefits provided by the benefit plans of the Corporation. Those employed as of December 31, 2011 may continue in the current PPO plan (the “Buy-Up Plan”). Those employed after December 31, 2011 may enroll in the corporation’s revised PPO plan (the “Core Plan”) or in the Corporation’s High Deductible Health Plan (the “High Deductible Plan”)",18,high,
fort_wayne_community_schools__fort_wayne_community_schools_2021_2023__af169a5f,Fort_Wayne_Community_Schools_2021-2023.pdf,benefits_health_contribution_002,benefits,What employer contribution toward health insurance is stated?,80% of the cost of the Core Plan,The Corporation shall pay 80% of the cost of the Core Plan.,18,high,
fort_wayne_community_schools__fort_wayne_community_schools_2021_2023__af169a5f,Fort_Wayne_Community_Schools_2021-2023.pdf,benefits_health_employee_premium_003,benefits,What employee health insurance premium or contribution is stated?,The balance of any cost shall be paid by the employee.,The balance of any cost shall be paid by the employee.,18,high,
fort_wayne_community_schools__fort_wayne_community_schools_2021_2023__af169a5f,Fort_Wayne_Community_Schools_2021-2023.pdf,benefits_dependent_health_004,benefits,"Does the document mention dependent, spouse, family, or domestic partner health coverage?","yes; Covers employee/spouse or employee/family plans, plus eligible children and spouses of retired or deceased teachers.","In the event two employees are married and both spouses are employed by FWCS and eligible for health benefits, they are ineligible for single plans and must select one employee/spouse or employee/family plan. Eligible children of retired teachers shall have the opportunity to continue coverage in the Core Plan or High Deductible Plan at their own expense through COBRA.",18,high,
fort_wayne_community_schools__fort_wayne_community_schools_2021_2023__af169a5f,Fort_Wayne_Community_Schools_2021-2023.pdf,benefits_health_plan_type_005,benefits,What health plan types are described?,"PPO plan (Buy-Up Plan), revised PPO plan (Core Plan), High Deductible Health Plan","Those employed as of December 31, 2011 may continue in the current PPO plan (the “Buy-Up Plan”). Those employed after December 31, 2011 may enroll in the corporation’s revised PPO plan (the “Core Plan”) or in the Corporation’s High Deductible Health Plan (the “High Deductible Plan”)",18,high,
fort_wayne_community_schools__fort_wayne_community_schools_2021_2023__af169a5f,Fort_Wayne_Community_Schools_2021-2023.pdf,benefits_dental_006,benefits,Does the document state that dental insurance is available?,not_discussed,,not_applicable,high,
fort_wayne_community_schools__fort_wayne_community_schools_2021_2023__af169a5f,Fort_Wayne_Community_Schools_2021-2023.pdf,benefits_vision_007,benefits,Does the document state that vision or optical insurance is available?,not_discussed,,not_applicable,high,
fort_wayne_community_schools__fort_wayne_community_schools_2021_2023__af169a5f,Fort_Wayne_Community_Schools_2021-2023.pdf,benefits_life_008,benefits,Does the document provide district-paid or voluntary life insurance?,yes,A full-time teacher is eligible to receive convertible term life insurance in an amount equal to two times his/her gross contracted salary with the cost borne by the Board.,19,high,
fort_wayne_community_schools__fort_wayne_community_schools_2021_2023__af169a5f,Fort_Wayne_Community_Schools_2021-2023.pdf,benefits_disability_009,benefits,Does the document mention short-term or long-term disability coverage?,yes,A full-time teacher shall receive a long-term disability insurance policy which includes benefits of 66 2/3 percent earnings after the later of any accumulated sick leave or 180 calendar days of disability and continuing during disability with such limits as described in the LTD benefit plan document. The Corporation shall pay the premium.,20,high,
fort_wayne_community_schools__fort_wayne_community_schools_2021_2023__af169a5f,Fort_Wayne_Community_Schools_2021-2023.pdf,benefits_retirement_contribution_010,benefits,What employer retirement or pension contribution is stated?,3% (TRS); plus a 1.0% board match on indexed salary to a 401(a) account if the employee deposits an equal amount into a 403(b) or TRF account.,"Fort Wayne Community Schools shall make the annual Indiana State Teachers’ Retirement Fund contribution of 3 percent for all teachers in the bargaining unit covered by this Master Contract. The Board agrees to annually match up to 1.0% of each teacher’s indexed salary ... into each individual’s separate 401(a) account, if that individual has deposited an equal amount into his/her own 403(b) account or as excess deposits to his/her TRF account",21-22,high,
fort_wayne_community_schools__fort_wayne_community_schools_2021_2023__af169a5f,Fort_Wayne_Community_Schools_2021-2023.pdf,benefits_leave_continuation_011,benefits,Does the document state whether insurance benefits continue during paid or unpaid leave?,not_discussed,,not_applicable,high,
fort_wayne_community_schools__fort_wayne_community_schools_2021_2023__af169a5f,Fort_Wayne_Community_Schools_2021-2023.pdf,benefits_retiree_012,benefits,"Does the document provide retiree health, dental, life, or other post-employment benefits?",yes,Eligible children of retired teachers shall have the opportunity to continue coverage in the Core Plan or High Deductible Plan at their own expense through COBRA until said children are ineligible for coverage. The spouse of a retired teacher shall be eligible to continue in the Core Plan at his/her own expense until eligible for Medicare.,18,high,
fort_wayne_community_schools__fort_wayne_community_schools_2021_2023__af169a5f,Fort_Wayne_Community_Schools_2021-2023.pdf,leave_sick_days_001,leave,How many paid sick leave days are granted per year?,10,A full-time teacher shall be allowed eighty (80) hours (ten days) each school year with full pay,11,high,
fort_wayne_community_schools__fort_wayne_community_schools_2021_2023__af169a5f,Fort_Wayne_Community_Schools_2021-2023.pdf,leave_sick_accrual_002,leave,"Does sick leave accumulate or carry over, and what cap is stated?","Yes, accumulates to a cap of 960 hours (120 days)","cumulative to a total of 960 hours (120 days), for personal illness.",11,high,
fort_wayne_community_schools__fort_wayne_community_schools_2021_2023__af169a5f,Fort_Wayne_Community_Schools_2021-2023.pdf,leave_sick_family_003,leave,May teachers use sick leave for family illness or family care?,yes,A teacher who has used all family illness hours shall be allowed to use forty (40) personal illness hours (five days) per school year to accommodate family illness.,12,high,
fort_wayne_community_schools__fort_wayne_community_schools_2021_2023__af169a5f,Fort_Wayne_Community_Schools_2021-2023.pdf,leave_personal_days_004,leave,How many paid personal leave days are granted per year?,2,"Each teacher, according to law, shall be entitled to 16 hours (two days) for the transaction of personal business",12,high,
fort_wayne_community_schools__fort_wayne_community_schools_2021_2023__af169a5f,Fort_Wayne_Community_Schools_2021-2023.pdf,leave_personal_restrictions_005,leave,What restrictions apply to personal leave use?,"Only under exceptional circumstances to extend specified holidays; requires approval from principal, HR, and Chief of School Leadership.","Only under exceptional circumstances may a teacher request the use of personal business hours to extend the following holidays... Teachers may not take personal business hours to extend a holiday unless approved by their principal, the Human Resources Department and the Chief of School Leadership.",12,high,
fort_wayne_community_schools__fort_wayne_community_schools_2021_2023__af169a5f,Fort_Wayne_Community_Schools_2021-2023.pdf,leave_personal_conversion_006,leave,"Does unused personal leave convert to sick leave, cash, or another benefit?",yes,"Any unused personal business hours shall, at the end of each school year, be credited to the teacher's accumulation of personal illness hours.",12,high,
fort_wayne_community_schools__fort_wayne_community_schools_2021_2023__af169a5f,Fort_Wayne_Community_Schools_2021-2023.pdf,leave_bereavement_days_007,leave,How many bereavement leave days are available?,5 days per incident (up to 40 hours within a 60-day period); 3 days per school year,"Teachers absent due to a death in their family shall be allowed up to forty (40) hours (five days) for leave time. Such hours shall normally begin immediately following the death, but may be taken within a sixty-day period following the death. ... Twenty-four (24) hours (three days) shall be allowed per school year for deaths not included in the definition of family above.",13,high,
fort_wayne_community_schools__fort_wayne_community_schools_2021_2023__af169a5f,Fort_Wayne_Community_Schools_2021-2023.pdf,leave_bereavement_relatives_008,leave,Which relatives or household members are covered by bereavement leave?,"spouse, children (including those with legal guardianship), step-children, parent, step-parent, grandparent, grandchild, brother/sister, step-brother/step-sister, parents-in-law, brother-in-law/sister-in-law","For the purposes of bereavement leave only, family shall be defined as a teacher’s: spouse, children (including children of whom the teacher has legal guardianship), step-children, parent, step-parent, grandparent, grandchild, brother/sister, step-brother/step-sister, parents-in-law, brother-in-law/sister-in-law",13,high,
fort_wayne_community_schools__fort_wayne_community_schools_2021_2023__af169a5f,Fort_Wayne_Community_Schools_2021-2023.pdf,leave_parental_paid_009,leave,"Does the document provide paid parental, bonding, maternity, paternity, or adoption leave beyond accrued sick leave?",yes,"For the birth of a teacher’s child other than by pregnancy of the teacher, twenty-four hours (three days) paid leave shall be available to take immediately following the birth of the child if all family illness and/or personal business hours have been used.",14,high,
fort_wayne_community_schools__fort_wayne_community_schools_2021_2023__af169a5f,Fort_Wayne_Community_Schools_2021-2023.pdf,leave_pregnancy_disability_010,leave,"Does the document address pregnancy, childbirth, or temporary disability leave?",yes,Pregnancy of the teacher is considered a period of temporary physical disability entitling teachers to use their accumulated personal illness or personal business hours for paid leave.,14,high,
fort_wayne_community_schools__fort_wayne_community_schools_2021_2023__af169a5f,Fort_Wayne_Community_Schools_2021-2023.pdf,leave_adoption_childcare_011,leave,"Does the document provide adoption, child care, or bonding leave?",yes,"Paid Leave for Adoption. Teachers may use their accumulated personal business hours for paid leave for the adoption of a child by a teacher. Additionally, teachers are eligible for up to forty (40) hours (five days) of paid leave for adoption after they have used their personal business days.",14,high,
fort_wayne_community_schools__fort_wayne_community_schools_2021_2023__af169a5f,Fort_Wayne_Community_Schools_2021-2023.pdf,leave_fmla_012,leave,Does the document discuss Family and Medical Leave Act rights or equivalent family medical leave?,yes,Fort Wayne Community Schools complies with the provisions of the Family and Medical Leave Act regarding consecutive and intermittent leave. Teachers may be granted intermittent leave and/or a reduced schedule.,11,high,
fort_wayne_community_schools__fort_wayne_community_schools_2021_2023__af169a5f,Fort_Wayne_Community_Schools_2021-2023.pdf,leave_absence_reporting_013,leave,Does the document specify absence reporting or substitute-request procedures for teachers?,yes,Teachers needing to be absent for reasons set forth in this Article shall notify their principal or designee and specify the category and length of the leave in order that a substitute may be obtained.,11,high,
fort_wayne_community_schools__fort_wayne_community_schools_2021_2023__af169a5f,Fort_Wayne_Community_Schools_2021-2023.pdf,workload_work_year_days_001,workload,How many teacher work days or duty days are required in the regular work year?,not_discussed,,not_applicable,high,Verified against provided text. The document references 'contracted days' and 'minimum number of work hours in a work day' in the Definitions section but does not specify the actual number of work days. Provisions for this question are absent.
fort_wayne_community_schools__fort_wayne_community_schools_2021_2023__af169a5f,Fort_Wayne_Community_Schools_2021-2023.pdf,workload_workday_length_002,workload,What is the required length of the teacher workday?,not_discussed,,not_applicable,high,Verified against provided text. The definition of hourly rate references the 'minimum number of work hours in a work day' but never states what that number is. No other workload length provisions found.
fort_wayne_community_schools__fort_wayne_community_schools_2021_2023__af169a5f,Fort_Wayne_Community_Schools_2021-2023.pdf,workload_prep_guarantee_003,workload,Does the document guarantee teacher planning or preparation time?,yes,Teachers will receive compensation when they give up District-designated preparation periods (planning time) for class coverage due to the absence of another teacher.,25,high,Updated page reference from 26 to 25 based on the provided document text. Expanded the evidence quote to the full sentence for clarity. The explicit acknowledgment of 'District-designated preparation periods (planning time)' directly supports the affirmative answer. [recall-recovery]
fort_wayne_community_schools__fort_wayne_community_schools_2021_2023__af169a5f,Fort_Wayne_Community_Schools_2021-2023.pdf,workload_prep_minutes_004,workload,How much planning or preparation time is guaranteed?,not_discussed,,not_applicable,high,Verified against provided text. No specific allotment or guarantee of planning/preparation time is stated in the provided contract excerpts.
fort_wayne_community_schools__fort_wayne_community_schools_2021_2023__af169a5f,Fort_Wayne_Community_Schools_2021-2023.pdf,workload_prep_protected_005,workload,"Does the document restrict use of planning time for meetings, coverage, or other duties?",not_discussed,,not_applicable,high,"Verified against provided text. No provisions restricting the use of planning time for meetings, coverage, or other duties are mentioned in the provided contract excerpts."
fort_wayne_community_schools__fort_wayne_community_schools_2021_2023__af169a5f,Fort_Wayne_Community_Schools_2021-2023.pdf,workload_lunch_duty_free_006,workload,Does the document guarantee a duty-free lunch?,not_discussed,,not_applicable,high,Verified against provided text. No guarantees or provisions for a duty-free lunch are mentioned in the provided contract excerpts.
fort_wayne_community_schools__fort_wayne_community_schools_2021_2023__af169a5f,Fort_Wayne_Community_Schools_2021-2023.pdf,workload_lunch_minutes_007,workload,How many minutes is the lunch period?,not_discussed,,not_discussed,high,
fort_wayne_community_schools__fort_wayne_community_schools_2021_2023__af169a5f,Fort_Wayne_Community_Schools_2021-2023.pdf,workload_meetings_limits_008,workload,"Does the document limit required faculty, staff, department, or PLC meetings?",not_discussed,,not_discussed,high,
fort_wayne_community_schools__fort_wayne_community_schools_2021_2023__af169a5f,Fort_Wayne_Community_Schools_2021-2023.pdf,workload_nonteaching_duties_009,workload,"Does the document describe non-teaching duties such as supervision, lunch duty, bus duty, hall duty, or clerical duties?",not_discussed,,not_discussed,high,
fort_wayne_community_schools__fort_wayne_community_schools_2021_2023__af169a5f,Fort_Wayne_Community_Schools_2021-2023.pdf,class_size_limits_001,class size,"Does the document include class-size limits, caps, goals, or review procedures?",not_discussed,,not_applicable,high,
fort_wayne_community_schools__fort_wayne_community_schools_2021_2023__af169a5f,Fort_Wayne_Community_Schools_2021-2023.pdf,class_elementary_max_002,class size,What elementary class-size maximums or targets are stated?,not_discussed,,not_applicable,high,
fort_wayne_community_schools__fort_wayne_community_schools_2021_2023__af169a5f,Fort_Wayne_Community_Schools_2021-2023.pdf,class_secondary_max_003,class size,What middle or high school class-size maximums or targets are stated?,not_discussed,,not_applicable,high,
fort_wayne_community_schools__fort_wayne_community_schools_2021_2023__af169a5f,Fort_Wayne_Community_Schools_2021-2023.pdf,class_overage_remedy_004,class size,Does the document provide remedies when class-size limits are exceeded?,not_discussed,,not_applicable,high,
fort_wayne_community_schools__fort_wayne_community_schools_2021_2023__af169a5f,Fort_Wayne_Community_Schools_2021-2023.pdf,evaluation_procedure_001,evaluation,Does the document describe teacher evaluation procedures?,Yes,"3. System of Support is the FWCS teacher-evaluation system, designed to support and encourage professional growth to ensure that each teacher is providing effective instruction to all students. The System of Support uses a modified version of the Indiana RISE Rubric which tracks four domains of teacher effectiveness (Purposeful Planning, Effective Instruction, Teacher Leadership and Core Professionalism) as well as student data to assign teachers to one of the four rating categories required by IC 20-28-11.5-4(c)(4).",7,high,"Corrected section reference in original answer. 'Section 3' refers to Definition 3 on page 7, not Article 3 (which covers Absence and Leave). The document defines the evaluation framework and system in the Definitions section, supporting 'Yes'."
fort_wayne_community_schools__fort_wayne_community_schools_2021_2023__af169a5f,Fort_Wayne_Community_Schools_2021-2023.pdf,evaluation_system_002,evaluation,"What evaluation system, framework, or model is named?",System of Support / Indiana RISE Rubric,"The System of Support uses a modified version of the Indiana RISE Rubric which tracks four domains of teacher effectiveness (Purposeful Planning, Effective Instruction, Teacher Leadership and Core Professionalism)",7,high,
fort_wayne_community_schools__fort_wayne_community_schools_2021_2023__af169a5f,Fort_Wayne_Community_Schools_2021-2023.pdf,evaluation_observation_count_003,evaluation,How many formal observations are required?,not_discussed,,not_applicable,high,
fort_wayne_community_schools__fort_wayne_community_schools_2021_2023__af169a5f,Fort_Wayne_Community_Schools_2021-2023.pdf,evaluation_observation_duration_004,evaluation,Does the document specify observation duration or minimum length?,not_discussed,,not_applicable,high,
fort_wayne_community_schools__fort_wayne_community_schools_2021_2023__af169a5f,Fort_Wayne_Community_Schools_2021-2023.pdf,evaluation_ratings_005,evaluation,What rating categories or performance levels are used?,"Highly Effective, Effective, Improvement Necessary, Ineffective",6. Rating Categories: a. Highly Effective; b. Effective; c. Improvement Necessary; d. Ineffective.,7,high,
fort_wayne_community_schools__fort_wayne_community_schools_2021_2023__af169a5f,Fort_Wayne_Community_Schools_2021-2023.pdf,evaluation_student_growth_006,evaluation,"Does the evaluation use student growth, test scores, value-added, or student outcomes?",yes,...as well as student data to assign teachers to one of the four rating categories required by IC 20-28-11.5-4(c)(4).,7,high,"Evidence explicitly cites 'student data' as a required component for assigning teachers to rating categories, directly supporting the use of student outcomes/growth in the evaluation framework."
fort_wayne_community_schools__fort_wayne_community_schools_2021_2023__af169a5f,Fort_Wayne_Community_Schools_2021-2023.pdf,evaluation_improvement_plan_007,evaluation,"Does the document describe improvement plans, remediation plans, or professional support plans for low-rated teachers?",not_discussed,,not_applicable,high,
fort_wayne_community_schools__fort_wayne_community_schools_2021_2023__af169a5f,Fort_Wayne_Community_Schools_2021-2023.pdf,evaluation_consequences_008,evaluation,"Does the document state how evaluation results are used in decisions about tenure, layoff priority, transfers, or compensation?",yes,Teachers who receive a Final Summative Rating of ineffective or improvement necessary from the previous school year and teachers who negatively affect student achievement and growth are ineligible for salary increases and will remain at their current salaries.,22,high,
fort_wayne_community_schools__fort_wayne_community_schools_2021_2023__af169a5f,Fort_Wayne_Community_Schools_2021-2023.pdf,security_probation_001,job security,"Does the document define probationary, provisional, temporary, permanent, tenure, or continuing contract status?",not_discussed,,not_applicable,high,
fort_wayne_community_schools__fort_wayne_community_schools_2021_2023__af169a5f,Fort_Wayne_Community_Schools_2021-2023.pdf,security_nonrenewal_002,job security,"Does the document state nonrenewal notice, hearing, or appeal rules?",not_discussed,,not_applicable,high,
fort_wayne_community_schools__fort_wayne_community_schools_2021_2023__af169a5f,Fort_Wayne_Community_Schools_2021-2023.pdf,security_seniority_definition_003,seniority,Does the document define seniority?,not_discussed,,not_applicable,high,
fort_wayne_community_schools__fort_wayne_community_schools_2021_2023__af169a5f,Fort_Wayne_Community_Schools_2021-2023.pdf,security_voluntary_transfer_004,transfers,"What are the voluntary transfer procedures, if any?",not_discussed,,not_applicable,high,
fort_wayne_community_schools__fort_wayne_community_schools_2021_2023__af169a5f,Fort_Wayne_Community_Schools_2021-2023.pdf,security_involuntary_transfer_005,transfers,Does the document describe involuntary transfer or reassignment procedures?,not_discussed,,not_applicable,high,
fort_wayne_community_schools__fort_wayne_community_schools_2021_2023__af169a5f,Fort_Wayne_Community_Schools_2021-2023.pdf,security_rif_006,layoffs,"What are the layoff, reduction in force, retrenchment, or staff reduction procedures, if any?",not_discussed,,not_applicable,high,
fort_wayne_community_schools__fort_wayne_community_schools_2021_2023__af169a5f,Fort_Wayne_Community_Schools_2021-2023.pdf,security_recall_007,layoffs,Does the document provide recall or callback rights after layoff?,yes,"In the case where an employee is RIF’d, his/her account will not be forfeited if said employee is recalled and he/she accepts the recall; provided, however, that the period of leave or RIF may not exceed three (3) years without forfeiture.",30,high,"Stage 1 incorrectly marked as not_discussed. Page 30 explicitly addresses recall after a RIF (layoff), confirming that employees may be recalled and accepted back within a three-year window without forfeiting benefits. [recall-recovery]"
fort_wayne_community_schools__fort_wayne_community_schools_2021_2023__af169a5f,Fort_Wayne_Community_Schools_2021-2023.pdf,security_rif_criterion_008,layoffs,What is the primary criterion for determining the order of layoff among teachers?,not_discussed,,not_applicable,high,
fort_wayne_community_schools__fort_wayne_community_schools_2021_2023__af169a5f,Fort_Wayne_Community_Schools_2021-2023.pdf,security_probation_length_009,job security,What is the probationary or provisional period before tenure or continuing status?,not_discussed,,not_applicable,high,
fort_wayne_community_schools__fort_wayne_community_schools_2021_2023__af169a5f,Fort_Wayne_Community_Schools_2021-2023.pdf,security_tenure_rules_010,job security,"Does the document describe tenure, continuing contract, or permanent status rights?",not_discussed,,not_applicable,high,
fort_wayne_community_schools__fort_wayne_community_schools_2021_2023__af169a5f,Fort_Wayne_Community_Schools_2021-2023.pdf,security_certification_011,job security,"Does the document state teacher certification, licensure, endorsement, or renewal requirements?",yes,"The individual teacher is responsible for keeping licenses current and renewed when due, and for securing proper certification of outside teaching experience, military service, and cumulative sick leave for submission to the Human Resources department. Any teacher whose license is not current at the beginning of a school year will be placed on substitute-teacher pay as of the first teacher work day; upon attainment of renewal, regular-teacher pay shall commence, with no retroactive pay for the period of time when the teacher’s license had lapsed. A teacher whose license is not current is not eligible for benefits until his or her license is restored.",22,high,
fort_wayne_community_schools__fort_wayne_community_schools_2021_2023__af169a5f,Fort_Wayne_Community_Schools_2021-2023.pdf,discipline_just_cause_001,discipline,"Does the document require just cause, proper cause, or cause for teacher discipline or dismissal?",not_discussed,,not_applicable,medium,"The provided document appears truncated (ends mid-sentence on p. 26). No provisions regarding just cause, proper cause, or dismissal/termination procedures were found in the available text. 'not_discussed' retained, but confidence lowered to medium due to truncation."
fort_wayne_community_schools__fort_wayne_community_schools_2021_2023__af169a5f,Fort_Wayne_Community_Schools_2021-2023.pdf,discipline_dismissal_002,discipline,"Does the document describe dismissal, termination, discharge, or contract cancellation procedures?",not_discussed,,not_applicable,medium,"The provided document appears truncated (ends mid-sentence on p. 26). No provisions regarding dismissal, termination, discharge, or contract cancellation procedures were found in the available text. 'not_discussed' retained, but confidence lowered to medium due to truncation."
fort_wayne_community_schools__fort_wayne_community_schools_2021_2023__af169a5f,Fort_Wayne_Community_Schools_2021-2023.pdf,conduct_outside_employment_001,teacher rights and conduct,"Does the document restrict outside employment, tutoring, or conflicts of interest?",not_discussed,,not_applicable,high,
fort_wayne_community_schools__fort_wayne_community_schools_2021_2023__af169a5f,Fort_Wayne_Community_Schools_2021-2023.pdf,conduct_ethics_002,teacher rights and conduct,"Does the document include a code of ethics, standards of conduct, or professional responsibility rules?",not_discussed,,not_applicable,high,
fort_wayne_community_schools__fort_wayne_community_schools_2021_2023__af169a5f,Fort_Wayne_Community_Schools_2021-2023.pdf,conduct_drug_alcohol_003,teacher rights and conduct,"Does the document include drug-free workplace, alcohol, or substance-abuse rules?",not_discussed,,not_applicable,high,
fort_wayne_community_schools__fort_wayne_community_schools_2021_2023__af169a5f,Fort_Wayne_Community_Schools_2021-2023.pdf,conduct_social_media_005,teacher rights and conduct,Does the document regulate employee social media use?,not_discussed,,not_applicable,high,
fort_wayne_community_schools__fort_wayne_community_schools_2021_2023__af169a5f,Fort_Wayne_Community_Schools_2021-2023.pdf,conduct_acceptable_use_006,teacher rights and conduct,"Does the document include acceptable-use, email, internet, or network technology rules for employees?",not_discussed,,not_applicable,high,
fort_wayne_community_schools__fort_wayne_community_schools_2021_2023__af169a5f,Fort_Wayne_Community_Schools_2021-2023.pdf,conduct_academic_freedom_007,teacher rights and conduct,Does the document protect academic freedom or personal academic views?,not_discussed,,not_applicable,high,
fort_wayne_community_schools__fort_wayne_community_schools_2021_2023__af169a5f,Fort_Wayne_Community_Schools_2021-2023.pdf,conduct_curriculum_autonomy_008,teacher rights and conduct,"Does the document address teacher discretion over curriculum, lesson content, methods, or instructional materials?",not_discussed,,not_applicable,high,
fort_wayne_community_schools__fort_wayne_community_schools_2021_2023__af169a5f,Fort_Wayne_Community_Schools_2021-2023.pdf,conduct_lesson_plans_009,teacher rights and conduct,Does the document require lesson plans or specify lesson-plan submission rules?,not_discussed,,not_applicable,high,
fort_wayne_community_schools__fort_wayne_community_schools_2021_2023__af169a5f,Fort_Wayne_Community_Schools_2021-2023.pdf,conduct_political_activity_010,teacher rights and conduct,Does the document restrict or protect political activity by teachers?,not_discussed,,not_applicable,high,
fort_wayne_community_schools__fort_wayne_community_schools_2021_2023__af169a5f,Fort_Wayne_Community_Schools_2021-2023.pdf,conduct_non_duty_hours_011,teacher rights and conduct,Does the document protect teachers' personal affairs or conduct during non-duty hours?,not_discussed,,not_applicable,high,
fort_wayne_community_schools__fort_wayne_community_schools_2021_2023__af169a5f,Fort_Wayne_Community_Schools_2021-2023.pdf,safety_health_committee_001,safety and working conditions,Does the document include health and safety provisions or a safety committee?,not_discussed,,not_applicable,high,
fort_wayne_community_schools__fort_wayne_community_schools_2021_2023__af169a5f,Fort_Wayne_Community_Schools_2021-2023.pdf,safety_assault_protection_002,safety and working conditions,Does the document provide teacher assault protections or procedures after assault?,not_discussed,,not_applicable,high,
fort_wayne_community_schools__fort_wayne_community_schools_2021_2023__af169a5f,Fort_Wayne_Community_Schools_2021-2023.pdf,safety_student_discipline_003,safety and working conditions,Does the document describe student discipline or behavior-management procedures affecting teachers?,not_discussed,,not_applicable,high,
fort_wayne_community_schools__fort_wayne_community_schools_2021_2023__af169a5f,Fort_Wayne_Community_Schools_2021-2023.pdf,safety_remove_student_004,safety and working conditions,Does the document state a teacher's authority to remove a student from class?,not_discussed,,not_applicable,high,
fort_wayne_community_schools__fort_wayne_community_schools_2021_2023__af169a5f,Fort_Wayne_Community_Schools_2021-2023.pdf,safety_emergency_closure_005,safety and working conditions,"Does the document address emergency, lockdown, inclement weather, or school closure procedures for staff?",not_discussed,,not_applicable,high,
fort_wayne_community_schools__fort_wayne_community_schools_2021_2023__af169a5f,Fort_Wayne_Community_Schools_2021-2023.pdf,safety_environment_006,safety and working conditions,"Does the document address physical working conditions such as temperature, ventilation, air quality, cleanliness, acoustics, or construction disruption?",not_discussed,,not_applicable,high,
fort_wayne_community_schools__fort_wayne_community_schools_2021_2023__af169a5f,Fort_Wayne_Community_Schools_2021-2023.pdf,safety_security_measures_007,safety and working conditions,"Does the document mention security staff, building access, visitor controls, cameras, or personal security measures?",not_discussed,,not_applicable,high,
fort_wayne_community_schools__fort_wayne_community_schools_2021_2023__af169a5f,Fort_Wayne_Community_Schools_2021-2023.pdf,safety_weapons_008,safety and working conditions,Does the document state employee obligations or restrictions related to weapons on school property?,not_discussed,,not_applicable,high,
fort_wayne_community_schools__fort_wayne_community_schools_2021_2023__af169a5f,Fort_Wayne_Community_Schools_2021-2023.pdf,pd_new_teacher_mentoring_001,professional development,"Does the document provide mentoring, induction, orientation, or support for new teachers?",yes,"The Board encourages teachers to become active members, and provides for Association involvement in new teacher orientation and will provide membership and enrollment information with new employee materials.",8,high,Evidence directly and explicitly confirms provisions for new teacher orientation. Updated confidence from medium to high.
fort_wayne_community_schools__fort_wayne_community_schools_2021_2023__af169a5f,Fort_Wayne_Community_Schools_2021-2023.pdf,pd_teacher_leadership_002,professional development,"Does the document create teacher leadership roles, instructional coaches, councils, or committees tied to professional practice?",yes,"Appendix B lists 'Lead Teacher ELA', 'Lead Teacher Math', 'Lead Teacher Science', 'Lead Teacher Social Studies', 'Lead Teacher Related Arts', 'Lead Teacher SPED', 'Lead Teacher Practical/Fine Arts' and 'Sixth/Seventh/Eighth-grade Team Leader', each receiving a '$3,080' stipend.",37,high,
fort_wayne_community_schools__fort_wayne_community_schools_2021_2023__af169a5f,Fort_Wayne_Community_Schools_2021-2023.pdf,pd_career_ladder_003,professional development,"Does the document include a career ladder, teacher advancement pathway, or differentiated career roles?",not_discussed,,not_applicable,high,"No provisions regarding career ladders, advancement pathways, or differentiated career roles were found in the provided document text."
