document_id,file_name,district_name,state,document_type,bargaining_unit,start_year,end_year,effective_dates,school_years_covered,union_name,source_document_notes,meta_doc_type_001_answer,meta_doc_type_001_evidence,meta_doc_type_001_page,meta_doc_type_001_confidence,meta_effective_dates_002_answer,meta_effective_dates_002_evidence,meta_effective_dates_002_page,meta_effective_dates_002_confidence,meta_bargaining_unit_003_answer,meta_bargaining_unit_003_evidence,meta_bargaining_unit_003_page,meta_bargaining_unit_003_confidence,meta_document_scope_004_answer,meta_document_scope_004_evidence,meta_document_scope_004_page,meta_document_scope_004_confidence,meta_text_usability_005_answer,meta_text_usability_005_evidence,meta_text_usability_005_page,meta_text_usability_005_confidence,meta_cites_state_law_006_answer,meta_cites_state_law_006_evidence,meta_cites_state_law_006_page,meta_cites_state_law_006_confidence,meta_state_law_citations_007_answer,meta_state_law_citations_007_evidence,meta_state_law_citations_007_page,meta_state_law_citations_007_confidence,meta_cites_federal_law_008_answer,meta_cites_federal_law_008_evidence,meta_cites_federal_law_008_page,meta_cites_federal_law_008_confidence,meta_federal_law_citations_009_answer,meta_federal_law_citations_009_evidence,meta_federal_law_citations_009_page,meta_federal_law_citations_009_confidence,pay_salary_schedule_001_answer,pay_salary_schedule_001_evidence,pay_salary_schedule_001_page,pay_salary_schedule_001_confidence,pay_salary_schedule_002_answer,pay_salary_schedule_002_evidence,pay_salary_schedule_002_page,pay_salary_schedule_002_confidence,pay_step_increment_003_answer,pay_step_increment_003_evidence,pay_step_increment_003_page,pay_step_increment_003_confidence,pay_prior_experience_005_answer,pay_prior_experience_005_evidence,pay_prior_experience_005_page,pay_prior_experience_005_confidence,pay_performance_pay_006_answer,pay_performance_pay_006_evidence,pay_performance_pay_006_page,pay_performance_pay_006_confidence,pay_performance_pay_007_answer,pay_performance_pay_007_evidence,pay_performance_pay_007_page,pay_performance_pay_007_confidence,pay_cost_of_living_007_answer,pay_cost_of_living_007_evidence,pay_cost_of_living_007_page,pay_cost_of_living_007_confidence,pay_extra_duty_schedule_008_answer,pay_extra_duty_schedule_008_evidence,pay_extra_duty_schedule_008_page,pay_extra_duty_schedule_008_confidence,pay_hardtostaff_sped_009_answer,pay_hardtostaff_sped_009_evidence,pay_hardtostaff_sped_009_page,pay_hardtostaff_sped_009_confidence,pay_hardtostaff_stem_010_answer,pay_hardtostaff_stem_010_evidence,pay_hardtostaff_stem_010_page,pay_hardtostaff_stem_010_confidence,pay_hardtostaff_other_011_answer,pay_hardtostaff_other_011_evidence,pay_hardtostaff_other_011_page,pay_hardtostaff_other_011_confidence,pay_hardtostaff_schools_012_answer,pay_hardtostaff_schools_012_evidence,pay_hardtostaff_schools_012_page,pay_hardtostaff_schools_012_confidence,pay_experience_credit_indistrict_013_answer,pay_experience_credit_indistrict_013_evidence,pay_experience_credit_indistrict_013_page,pay_experience_credit_indistrict_013_confidence,pay_experience_credit_outofdistrict_014_answer,pay_experience_credit_outofdistrict_014_evidence,pay_experience_credit_outofdistrict_014_page,pay_experience_credit_outofdistrict_014_confidence,pay_experience_credit_outofstate_015_answer,pay_experience_credit_outofstate_015_evidence,pay_experience_credit_outofstate_015_page,pay_experience_credit_outofstate_015_confidence,pay_experience_credit_military_public_016_answer,pay_experience_credit_military_public_016_evidence,pay_experience_credit_military_public_016_page,pay_experience_credit_military_public_016_confidence,pay_national_board_017_answer,pay_national_board_017_evidence,pay_national_board_017_page,pay_national_board_017_confidence,benefits_health_001_answer,benefits_health_001_evidence,benefits_health_001_page,benefits_health_001_confidence,benefits_health_contribution_002_answer,benefits_health_contribution_002_evidence,benefits_health_contribution_002_page,benefits_health_contribution_002_confidence,benefits_health_employee_premium_003_answer,benefits_health_employee_premium_003_evidence,benefits_health_employee_premium_003_page,benefits_health_employee_premium_003_confidence,benefits_dependent_health_004_answer,benefits_dependent_health_004_evidence,benefits_dependent_health_004_page,benefits_dependent_health_004_confidence,benefits_health_plan_type_005_answer,benefits_health_plan_type_005_evidence,benefits_health_plan_type_005_page,benefits_health_plan_type_005_confidence,benefits_dental_006_answer,benefits_dental_006_evidence,benefits_dental_006_page,benefits_dental_006_confidence,benefits_vision_007_answer,benefits_vision_007_evidence,benefits_vision_007_page,benefits_vision_007_confidence,benefits_life_008_answer,benefits_life_008_evidence,benefits_life_008_page,benefits_life_008_confidence,benefits_disability_009_answer,benefits_disability_009_evidence,benefits_disability_009_page,benefits_disability_009_confidence,benefits_retirement_contribution_010_answer,benefits_retirement_contribution_010_evidence,benefits_retirement_contribution_010_page,benefits_retirement_contribution_010_confidence,benefits_leave_continuation_011_answer,benefits_leave_continuation_011_evidence,benefits_leave_continuation_011_page,benefits_leave_continuation_011_confidence,benefits_retiree_012_answer,benefits_retiree_012_evidence,benefits_retiree_012_page,benefits_retiree_012_confidence,leave_sick_days_001_answer,leave_sick_days_001_evidence,leave_sick_days_001_page,leave_sick_days_001_confidence,leave_sick_accrual_002_answer,leave_sick_accrual_002_evidence,leave_sick_accrual_002_page,leave_sick_accrual_002_confidence,leave_sick_family_003_answer,leave_sick_family_003_evidence,leave_sick_family_003_page,leave_sick_family_003_confidence,leave_personal_days_004_answer,leave_personal_days_004_evidence,leave_personal_days_004_page,leave_personal_days_004_confidence,leave_personal_restrictions_005_answer,leave_personal_restrictions_005_evidence,leave_personal_restrictions_005_page,leave_personal_restrictions_005_confidence,leave_personal_conversion_006_answer,leave_personal_conversion_006_evidence,leave_personal_conversion_006_page,leave_personal_conversion_006_confidence,leave_bereavement_days_007_answer,leave_bereavement_days_007_evidence,leave_bereavement_days_007_page,leave_bereavement_days_007_confidence,leave_bereavement_relatives_008_answer,leave_bereavement_relatives_008_evidence,leave_bereavement_relatives_008_page,leave_bereavement_relatives_008_confidence,leave_parental_paid_009_answer,leave_parental_paid_009_evidence,leave_parental_paid_009_page,leave_parental_paid_009_confidence,leave_pregnancy_disability_010_answer,leave_pregnancy_disability_010_evidence,leave_pregnancy_disability_010_page,leave_pregnancy_disability_010_confidence,leave_adoption_childcare_011_answer,leave_adoption_childcare_011_evidence,leave_adoption_childcare_011_page,leave_adoption_childcare_011_confidence,leave_fmla_012_answer,leave_fmla_012_evidence,leave_fmla_012_page,leave_fmla_012_confidence,leave_absence_reporting_013_answer,leave_absence_reporting_013_evidence,leave_absence_reporting_013_page,leave_absence_reporting_013_confidence,workload_work_year_days_001_answer,workload_work_year_days_001_evidence,workload_work_year_days_001_page,workload_work_year_days_001_confidence,workload_workday_length_002_answer,workload_workday_length_002_evidence,workload_workday_length_002_page,workload_workday_length_002_confidence,workload_prep_guarantee_003_answer,workload_prep_guarantee_003_evidence,workload_prep_guarantee_003_page,workload_prep_guarantee_003_confidence,workload_prep_minutes_004_answer,workload_prep_minutes_004_evidence,workload_prep_minutes_004_page,workload_prep_minutes_004_confidence,workload_prep_protected_005_answer,workload_prep_protected_005_evidence,workload_prep_protected_005_page,workload_prep_protected_005_confidence,workload_lunch_duty_free_006_answer,workload_lunch_duty_free_006_evidence,workload_lunch_duty_free_006_page,workload_lunch_duty_free_006_confidence,workload_lunch_minutes_007_answer,workload_lunch_minutes_007_evidence,workload_lunch_minutes_007_page,workload_lunch_minutes_007_confidence,workload_meetings_limits_008_answer,workload_meetings_limits_008_evidence,workload_meetings_limits_008_page,workload_meetings_limits_008_confidence,workload_nonteaching_duties_009_answer,workload_nonteaching_duties_009_evidence,workload_nonteaching_duties_009_page,workload_nonteaching_duties_009_confidence,class_size_limits_001_answer,class_size_limits_001_evidence,class_size_limits_001_page,class_size_limits_001_confidence,class_elementary_max_002_answer,class_elementary_max_002_evidence,class_elementary_max_002_page,class_elementary_max_002_confidence,class_secondary_max_003_answer,class_secondary_max_003_evidence,class_secondary_max_003_page,class_secondary_max_003_confidence,class_overage_remedy_004_answer,class_overage_remedy_004_evidence,class_overage_remedy_004_page,class_overage_remedy_004_confidence,evaluation_procedure_001_answer,evaluation_procedure_001_evidence,evaluation_procedure_001_page,evaluation_procedure_001_confidence,evaluation_system_002_answer,evaluation_system_002_evidence,evaluation_system_002_page,evaluation_system_002_confidence,evaluation_observation_count_003_answer,evaluation_observation_count_003_evidence,evaluation_observation_count_003_page,evaluation_observation_count_003_confidence,evaluation_observation_duration_004_answer,evaluation_observation_duration_004_evidence,evaluation_observation_duration_004_page,evaluation_observation_duration_004_confidence,evaluation_ratings_005_answer,evaluation_ratings_005_evidence,evaluation_ratings_005_page,evaluation_ratings_005_confidence,evaluation_student_growth_006_answer,evaluation_student_growth_006_evidence,evaluation_student_growth_006_page,evaluation_student_growth_006_confidence,evaluation_improvement_plan_007_answer,evaluation_improvement_plan_007_evidence,evaluation_improvement_plan_007_page,evaluation_improvement_plan_007_confidence,evaluation_consequences_008_answer,evaluation_consequences_008_evidence,evaluation_consequences_008_page,evaluation_consequences_008_confidence,security_probation_001_answer,security_probation_001_evidence,security_probation_001_page,security_probation_001_confidence,security_nonrenewal_002_answer,security_nonrenewal_002_evidence,security_nonrenewal_002_page,security_nonrenewal_002_confidence,security_seniority_definition_003_answer,security_seniority_definition_003_evidence,security_seniority_definition_003_page,security_seniority_definition_003_confidence,security_voluntary_transfer_004_answer,security_voluntary_transfer_004_evidence,security_voluntary_transfer_004_page,security_voluntary_transfer_004_confidence,security_involuntary_transfer_005_answer,security_involuntary_transfer_005_evidence,security_involuntary_transfer_005_page,security_involuntary_transfer_005_confidence,security_rif_006_answer,security_rif_006_evidence,security_rif_006_page,security_rif_006_confidence,security_recall_007_answer,security_recall_007_evidence,security_recall_007_page,security_recall_007_confidence,security_rif_criterion_008_answer,security_rif_criterion_008_evidence,security_rif_criterion_008_page,security_rif_criterion_008_confidence,security_probation_length_009_answer,security_probation_length_009_evidence,security_probation_length_009_page,security_probation_length_009_confidence,security_tenure_rules_010_answer,security_tenure_rules_010_evidence,security_tenure_rules_010_page,security_tenure_rules_010_confidence,security_certification_011_answer,security_certification_011_evidence,security_certification_011_page,security_certification_011_confidence,discipline_just_cause_001_answer,discipline_just_cause_001_evidence,discipline_just_cause_001_page,discipline_just_cause_001_confidence,discipline_dismissal_002_answer,discipline_dismissal_002_evidence,discipline_dismissal_002_page,discipline_dismissal_002_confidence,conduct_outside_employment_001_answer,conduct_outside_employment_001_evidence,conduct_outside_employment_001_page,conduct_outside_employment_001_confidence,conduct_ethics_002_answer,conduct_ethics_002_evidence,conduct_ethics_002_page,conduct_ethics_002_confidence,conduct_drug_alcohol_003_answer,conduct_drug_alcohol_003_evidence,conduct_drug_alcohol_003_page,conduct_drug_alcohol_003_confidence,conduct_social_media_005_answer,conduct_social_media_005_evidence,conduct_social_media_005_page,conduct_social_media_005_confidence,conduct_acceptable_use_006_answer,conduct_acceptable_use_006_evidence,conduct_acceptable_use_006_page,conduct_acceptable_use_006_confidence,conduct_academic_freedom_007_answer,conduct_academic_freedom_007_evidence,conduct_academic_freedom_007_page,conduct_academic_freedom_007_confidence,conduct_curriculum_autonomy_008_answer,conduct_curriculum_autonomy_008_evidence,conduct_curriculum_autonomy_008_page,conduct_curriculum_autonomy_008_confidence,conduct_lesson_plans_009_answer,conduct_lesson_plans_009_evidence,conduct_lesson_plans_009_page,conduct_lesson_plans_009_confidence,conduct_political_activity_010_answer,conduct_political_activity_010_evidence,conduct_political_activity_010_page,conduct_political_activity_010_confidence,conduct_non_duty_hours_011_answer,conduct_non_duty_hours_011_evidence,conduct_non_duty_hours_011_page,conduct_non_duty_hours_011_confidence,safety_health_committee_001_answer,safety_health_committee_001_evidence,safety_health_committee_001_page,safety_health_committee_001_confidence,safety_assault_protection_002_answer,safety_assault_protection_002_evidence,safety_assault_protection_002_page,safety_assault_protection_002_confidence,safety_student_discipline_003_answer,safety_student_discipline_003_evidence,safety_student_discipline_003_page,safety_student_discipline_003_confidence,safety_remove_student_004_answer,safety_remove_student_004_evidence,safety_remove_student_004_page,safety_remove_student_004_confidence,safety_emergency_closure_005_answer,safety_emergency_closure_005_evidence,safety_emergency_closure_005_page,safety_emergency_closure_005_confidence,safety_environment_006_answer,safety_environment_006_evidence,safety_environment_006_page,safety_environment_006_confidence,safety_security_measures_007_answer,safety_security_measures_007_evidence,safety_security_measures_007_page,safety_security_measures_007_confidence,safety_weapons_008_answer,safety_weapons_008_evidence,safety_weapons_008_page,safety_weapons_008_confidence,pd_new_teacher_mentoring_001_answer,pd_new_teacher_mentoring_001_evidence,pd_new_teacher_mentoring_001_page,pd_new_teacher_mentoring_001_confidence,pd_teacher_leadership_002_answer,pd_teacher_leadership_002_evidence,pd_teacher_leadership_002_page,pd_teacher_leadership_002_confidence,pd_career_ladder_003_answer,pd_career_ladder_003_evidence,pd_career_ladder_003_page,pd_career_ladder_003_confidence
fort_wayne_community_schools__fort_wayne_community_schools_2021_2023__af169a5f,Fort_Wayne_Community_Schools_2021-2023.pdf,Fort Wayne Community Schools,unclear,collective bargaining agreement,teachers,2021,2023,.......................................... 18 C. Group Term Life Insurance ...................................................................................... 19 D. Liability I | ............................. 31 Article 8: Effect and Term of Master Contract ............................................................... 33 A. Effect of Master Contract ....,2021-2023; 2003-2004,Indiana State Teachers Association,text_status=usable; pages=39,CBA,"MASTER CONTRACT Between the Board of School Trustees of FORT WAYNE COMMUNITY SCHOOLS ... and FORT WAYNE EDUCATION ASSOCIATION, INC.",1,high,"July 1, 2021 – June 30, 2023","July 1, 2021 – June 30, 2023",1,high,Teachers (professional personnel requiring a classroom teacher’s license or Indiana Workplace License),"The Board recognizes the Association as the exclusive representative for teachers, described and defined as All professional personnel employed by the Board whose official assignment requires a classroom teacher’s license or Indiana Workplace License",8,high,binding agreement,The following Master Contract covering certain terms and conditions of employment for teachers has been developed through negotiation between the Board and its representatives and the Association and its representatives.,6,high,usable,,not_applicable,high,yes,required by IC 20-28-11.5-4(c)(4),7,high,"The System of Support uses a modified version of the Indiana RISE Rubric which tracks four domains of teacher effectiveness (Purposeful Planning, Effective Instruction, Teacher Leadership and Core Professionalism) as well as student data to assign teachers to one of the four rating categories required by IC 20-28-11.5-4(c)(4).
This recognition shall be continuing until such time as the Board is shown evidence in accordance with I.C. 20-29-5 et seq. and 560 IAC 2-2.1-1 that the Association is no longer the representative of classroom teachers.
A grievance shall be defined as an alleged violation of an express provision of the master contract within the scope of bargaining, per I.C. 20-29-6-4.
Increases or increments in a local salary range will be based upon a combination of the following factors from IC 20-28-9-1.5(b):
Evaluation. The results of an evaluation conducted under IC 20-28-11.5.","The System of Support uses a modified version of the Indiana RISE Rubric which tracks four domains of teacher effectiveness (Purposeful Planning, Effective Instruction, Teacher Leadership and Core Professionalism) as well as student data to assign teachers to one of the four rating categories required by IC 20-28-11.5-4(c)(4).
This recognition shall be continuing until such time as the Board is shown evidence in accordance with I.C. 20-29-5 et seq. and 560 IAC 2-2.1-1 that the Association is no longer the representative of classroom teachers.
A grievance shall be defined as an alleged violation of an express provision of the master contract within the scope of bargaining, per I.C. 20-29-6-4.
Increases or increments in a local salary range will be based upon a combination of the following factors from IC 20-28-9-1.5(b):
Evaluation. The results of an evaluation conducted under IC 20-28-11.5.","7, 8, 9, 22",high,"Fort Wayne Community Schools complies with the provisions of the Family and Medical Leave Act regarding consecutive and intermittent leave.
Any teacher who will have reached fifty-five (55) years of age on or before the employee’s retirement date but who will not be eligible on that date for Medicare coverage as prescribed by 42 U.S.C. 1395 et seq., and who will have completed fifteen (15) years of creditable employment with Fort Wayne Community Schools shall be eligible to continue health insurance in the Core Plan or High Deductible Plan without the HSA contribution until eligible for Medicare.","Fort Wayne Community Schools complies with the provisions of the Family and Medical Leave Act regarding consecutive and intermittent leave.
Any teacher who will have reached fifty-five (55) years of age on or before the employee’s retirement date but who will not be eligible on that date for Medicare coverage as prescribed by 42 U.S.C. 1395 et seq., and who will have completed fifteen (15) years of creditable employment with Fort Wayne Community Schools shall be eligible to continue health insurance in the Core Plan or High Deductible Plan without the HSA contribution until eligible for Medicare.","11, 19",high,"Family and Medical Leave Act, 42 U.S.C. 1395 et seq.","Family and Medical Leave Act
42 U.S.C. 1395 et seq.","11, 19",high,yes,The 2021-22 and 2022-23 Compensation Schedules can be found in Appendix A. APPENDIX A - Salary Schedule,"23, 35",high,2021-22 and 2022-23,The 2021-22 and 2022-23 Compensation Schedules can be found in Appendix A.,"23, 35",high,yes,Increases or increments in a local salary range will be based upon a combination of the following factors from IC 20-28-9-1.5(b): i. Education. The first year of possessing a content-area master’s degree from an accredited college or university. ii. Evaluation. The results of an evaluation conducted under IC 20-28-11.5. iii. Academic Needs. The need for teachers to transition to a new compensation schedule for staff retention.,22,high,yes,"Teachers new to the District with prior teaching experience shall receive a starting salary comparable, in the opinion of the Superintendent or designee, to current teaching employees with similar experience.",23,high,yes,Teachers who receive a Final Summative Rating of ineffective or improvement necessary from the previous school year and teachers who negatively affect student achievement and growth are ineligible for salary increases and will remain at their current salaries.,22,high,"Teachers are evaluated using the FWCS System of Support, which applies a modified Indiana RISE Rubric tracking four domains of effectiveness and student data to assign a Final Summative Rating of Highly Effective, Effective, Improvement Necessary, or Ineffective. These ratings determine eligibility for annual salary increases.",System of Support is the FWCS teacher-evaluation system... uses a modified version of the Indiana RISE Rubric which tracks four domains of teacher effectiveness... as well as student data to assign teachers to one of the four rating categories... Final Summative Rating is the Final Summative Observation Rating combined with applicable student data...,7,high,not_discussed,,not_applicable,high,yes,"Stipends paid for cocurricular and athletic positions can be found in Appendix B. Additionally, ancillary duties specify compensation for Teacher Travel ($2,050-$3,050), Curriculum Development ($30.00/hr), In-Service ($25.00-$30.00/hr), Class Coverage ($57.50 per 4-hour increment), and Kindergarten Conferences ($200.00 stipend).","24, 27, 36-38",high,not_discussed,,not_applicable,high,yes,"Lead Teacher Math $3,080 / Lead Teacher Science $3,080","36, 37",high,yes,"New hires in hard-to-fill positions may receive a salary or other recruiting compensation in an amount determined by the Superintendent or designee, if possible after consultation with the Association in the Joint Communications Committee.",23,high,yes,"d. New hires in hard-to-fill positions may receive a salary or other recruiting compensation in an amount determined by the Superintendent or designee, if possible after consultation with the Association in the Joint Communications Committee.",23,high,discussed_unclear,"Teachers new to the District with prior teaching experience shall receive a starting salary comparable, in the opinion of the Superintendent or designee, to current teaching employees with similar experience.",23,medium,discussed_unclear,"Teachers new to the District with prior teaching experience shall receive a starting salary comparable, in the opinion of the Superintendent or designee, to current teaching employees with similar experience.",23,medium,discussed_unclear,"Teachers new to the District with prior teaching experience shall receive a starting salary comparable, in the opinion of the Superintendent or designee, to current teaching employees with similar experience.",23,medium,discussed_unclear,"The individual teacher is responsible for keeping licenses current and renewed when due, and for securing proper certification of outside teaching experience, military service, and cumulative sick leave for submission to the Human Resources department.",22,medium,not_discussed,,not_applicable,high,"yes; Plan types: PPO plan (Buy-Up Plan for pre-12/31/11 hires), revised PPO plan (Core Plan), High Deductible Health Plan. Eligible group: Full-time teacher.","A full-time teacher is eligible to receive group health benefits provided by the benefit plans of the Corporation. Those employed as of December 31, 2011 may continue in the current PPO plan (the “Buy-Up Plan”). Those employed after December 31, 2011 may enroll in the corporation’s revised PPO plan (the “Core Plan”) or in the Corporation’s High Deductible Health Plan (the “High Deductible Plan”)",18,high,80% of the cost of the Core Plan,The Corporation shall pay 80% of the cost of the Core Plan.,18,high,The balance of any cost shall be paid by the employee.,The balance of any cost shall be paid by the employee.,18,high,"yes; Covers employee/spouse or employee/family plans, plus eligible children and spouses of retired or deceased teachers.","In the event two employees are married and both spouses are employed by FWCS and eligible for health benefits, they are ineligible for single plans and must select one employee/spouse or employee/family plan. Eligible children of retired teachers shall have the opportunity to continue coverage in the Core Plan or High Deductible Plan at their own expense through COBRA.",18,high,"PPO plan (Buy-Up Plan), revised PPO plan (Core Plan), High Deductible Health Plan","Those employed as of December 31, 2011 may continue in the current PPO plan (the “Buy-Up Plan”). Those employed after December 31, 2011 may enroll in the corporation’s revised PPO plan (the “Core Plan”) or in the Corporation’s High Deductible Health Plan (the “High Deductible Plan”)",18,high,not_discussed,,not_applicable,high,not_discussed,,not_applicable,high,yes,A full-time teacher is eligible to receive convertible term life insurance in an amount equal to two times his/her gross contracted salary with the cost borne by the Board.,19,high,yes,A full-time teacher shall receive a long-term disability insurance policy which includes benefits of 66 2/3 percent earnings after the later of any accumulated sick leave or 180 calendar days of disability and continuing during disability with such limits as described in the LTD benefit plan document. The Corporation shall pay the premium.,20,high,3% (TRS); plus a 1.0% board match on indexed salary to a 401(a) account if the employee deposits an equal amount into a 403(b) or TRF account.,"Fort Wayne Community Schools shall make the annual Indiana State Teachers’ Retirement Fund contribution of 3 percent for all teachers in the bargaining unit covered by this Master Contract. The Board agrees to annually match up to 1.0% of each teacher’s indexed salary ... into each individual’s separate 401(a) account, if that individual has deposited an equal amount into his/her own 403(b) account or as excess deposits to his/her TRF account",21-22,high,not_discussed,,not_applicable,high,yes,Eligible children of retired teachers shall have the opportunity to continue coverage in the Core Plan or High Deductible Plan at their own expense through COBRA until said children are ineligible for coverage. The spouse of a retired teacher shall be eligible to continue in the Core Plan at his/her own expense until eligible for Medicare.,18,high,10,A full-time teacher shall be allowed eighty (80) hours (ten days) each school year with full pay,11,high,"Yes, accumulates to a cap of 960 hours (120 days)","cumulative to a total of 960 hours (120 days), for personal illness.",11,high,yes,A teacher who has used all family illness hours shall be allowed to use forty (40) personal illness hours (five days) per school year to accommodate family illness.,12,high,2,"Each teacher, according to law, shall be entitled to 16 hours (two days) for the transaction of personal business",12,high,"Only under exceptional circumstances to extend specified holidays; requires approval from principal, HR, and Chief of School Leadership.","Only under exceptional circumstances may a teacher request the use of personal business hours to extend the following holidays... Teachers may not take personal business hours to extend a holiday unless approved by their principal, the Human Resources Department and the Chief of School Leadership.",12,high,yes,"Any unused personal business hours shall, at the end of each school year, be credited to the teacher's accumulation of personal illness hours.",12,high,5 days per incident (up to 40 hours within a 60-day period); 3 days per school year,"Teachers absent due to a death in their family shall be allowed up to forty (40) hours (five days) for leave time. Such hours shall normally begin immediately following the death, but may be taken within a sixty-day period following the death. ... Twenty-four (24) hours (three days) shall be allowed per school year for deaths not included in the definition of family above.",13,high,"spouse, children (including those with legal guardianship), step-children, parent, step-parent, grandparent, grandchild, brother/sister, step-brother/step-sister, parents-in-law, brother-in-law/sister-in-law","For the purposes of bereavement leave only, family shall be defined as a teacher’s: spouse, children (including children of whom the teacher has legal guardianship), step-children, parent, step-parent, grandparent, grandchild, brother/sister, step-brother/step-sister, parents-in-law, brother-in-law/sister-in-law",13,high,yes,"For the birth of a teacher’s child other than by pregnancy of the teacher, twenty-four hours (three days) paid leave shall be available to take immediately following the birth of the child if all family illness and/or personal business hours have been used.",14,high,yes,Pregnancy of the teacher is considered a period of temporary physical disability entitling teachers to use their accumulated personal illness or personal business hours for paid leave.,14,high,yes,"Paid Leave for Adoption. Teachers may use their accumulated personal business hours for paid leave for the adoption of a child by a teacher. Additionally, teachers are eligible for up to forty (40) hours (five days) of paid leave for adoption after they have used their personal business days.",14,high,yes,Fort Wayne Community Schools complies with the provisions of the Family and Medical Leave Act regarding consecutive and intermittent leave. Teachers may be granted intermittent leave and/or a reduced schedule.,11,high,yes,Teachers needing to be absent for reasons set forth in this Article shall notify their principal or designee and specify the category and length of the leave in order that a substitute may be obtained.,11,high,not_discussed,,not_applicable,high,not_discussed,,not_applicable,high,yes,Teachers will receive compensation when they give up District-designated preparation periods (planning time) for class coverage due to the absence of another teacher.,25,high,not_discussed,,not_applicable,high,not_discussed,,not_applicable,high,not_discussed,,not_applicable,high,not_discussed,,not_discussed,high,not_discussed,,not_discussed,high,not_discussed,,not_discussed,high,not_discussed,,not_applicable,high,not_discussed,,not_applicable,high,not_discussed,,not_applicable,high,not_discussed,,not_applicable,high,Yes,"3. System of Support is the FWCS teacher-evaluation system, designed to support and encourage professional growth to ensure that each teacher is providing effective instruction to all students. The System of Support uses a modified version of the Indiana RISE Rubric which tracks four domains of teacher effectiveness (Purposeful Planning, Effective Instruction, Teacher Leadership and Core Professionalism) as well as student data to assign teachers to one of the four rating categories required by IC 20-28-11.5-4(c)(4).",7,high,System of Support / Indiana RISE Rubric,"The System of Support uses a modified version of the Indiana RISE Rubric which tracks four domains of teacher effectiveness (Purposeful Planning, Effective Instruction, Teacher Leadership and Core Professionalism)",7,high,not_discussed,,not_applicable,high,not_discussed,,not_applicable,high,"Highly Effective, Effective, Improvement Necessary, Ineffective",6. Rating Categories: a. Highly Effective; b. Effective; c. Improvement Necessary; d. Ineffective.,7,high,yes,...as well as student data to assign teachers to one of the four rating categories required by IC 20-28-11.5-4(c)(4).,7,high,not_discussed,,not_applicable,high,yes,Teachers who receive a Final Summative Rating of ineffective or improvement necessary from the previous school year and teachers who negatively affect student achievement and growth are ineligible for salary increases and will remain at their current salaries.,22,high,not_discussed,,not_applicable,high,not_discussed,,not_applicable,high,not_discussed,,not_applicable,high,not_discussed,,not_applicable,high,not_discussed,,not_applicable,high,not_discussed,,not_applicable,high,yes,"In the case where an employee is RIF’d, his/her account will not be forfeited if said employee is recalled and he/she accepts the recall; provided, however, that the period of leave or RIF may not exceed three (3) years without forfeiture.",30,high,not_discussed,,not_applicable,high,not_discussed,,not_applicable,high,not_discussed,,not_applicable,high,yes,"The individual teacher is responsible for keeping licenses current and renewed when due, and for securing proper certification of outside teaching experience, military service, and cumulative sick leave for submission to the Human Resources department. Any teacher whose license is not current at the beginning of a school year will be placed on substitute-teacher pay as of the first teacher work day; upon attainment of renewal, regular-teacher pay shall commence, with no retroactive pay for the period of time when the teacher’s license had lapsed. A teacher whose license is not current is not eligible for benefits until his or her license is restored.",22,high,not_discussed,,not_applicable,medium,not_discussed,,not_applicable,medium,not_discussed,,not_applicable,high,not_discussed,,not_applicable,high,not_discussed,,not_applicable,high,not_discussed,,not_applicable,high,not_discussed,,not_applicable,high,not_discussed,,not_applicable,high,not_discussed,,not_applicable,high,not_discussed,,not_applicable,high,not_discussed,,not_applicable,high,not_discussed,,not_applicable,high,not_discussed,,not_applicable,high,not_discussed,,not_applicable,high,not_discussed,,not_applicable,high,not_discussed,,not_applicable,high,not_discussed,,not_applicable,high,not_discussed,,not_applicable,high,not_discussed,,not_applicable,high,not_discussed,,not_applicable,high,yes,"The Board encourages teachers to become active members, and provides for Association involvement in new teacher orientation and will provide membership and enrollment information with new employee materials.",8,high,yes,"Appendix B lists 'Lead Teacher ELA', 'Lead Teacher Math', 'Lead Teacher Science', 'Lead Teacher Social Studies', 'Lead Teacher Related Arts', 'Lead Teacher SPED', 'Lead Teacher Practical/Fine Arts' and 'Sixth/Seventh/Eighth-grade Team Leader', each receiving a '$3,080' stipend.",37,high,not_discussed,,not_applicable,high
