"# Pittsburgh_10-15.pdf — Family Services Specialists, Special Services Coordinators, Parent Involvement Volunteer Coordinator, Health Coordinators, Nutrition Specialist (September 2010 - September 2014)"
"# population: Family Services Specialists, Special Services Coordinators, Parent Involvement Volunteer Coordinator, Health Coordinators, Nutrition Specialist | is_teacher_schedule: False"
# validation_warnings: none | audit confirmed
"# MANUAL REVIEW RECOMMENDED: extracted from page image (not machine-readable text) — verify values, column names, and row counts against the original PDF"
step,June 2010,September 2010,September 2011,September 2012,September 2013,September 2014,Total Increase
1-,36580,37080,37580,38080,38580,39080,15370
2-,39050,39550,40050,40550,41050,41550,12900
3-,40590,41090,41590,42090,42590,43090,11360
4-,43530,44030,44530,45030,45530,46030,8420
5-,44760,45260,45760,46260,46760,47260,7190
6-,49450,49950,50450,50950,51450,51950,2500
